,customer_id,prediction_of_churn,Not Churned,churned_probability
0,0899-WZRSD,0,0.5533222645558862,0.4466777354441138
1,1196-AMORA,1,0.47251952937706143,0.5274804706229386
2,2233-FAGXV,0,0.6843137746127976,0.31568622538720237
3,0851-DFJKB,0,0.749848368829711,0.25015163117028905
4,6664-FPDAC,0,0.8742109014607506,0.12578909853924936
5,4385-ZKVNW,0,0.749848368829711,0.25015163117028905
6,4238-JSSWH,1,0.47251952937706143,0.5274804706229386
7,9150-KPBJQ,0,0.9654197033694775,0.03458029663052255
8,1215-EXRMO,0,0.9654197033694775,0.03458029663052255
9,0208-BPQEJ,0,0.6843137746127976,0.31568622538720237
10,5062-CJJKH,0,0.924021121986497,0.07597887801350305
11,3481-JHUZH,1,0.47251952937706143,0.5274804706229386
12,9418-RUKPH,0,0.9654197033694775,0.03458029663052255
13,5215-LNLDJ,0,0.6843137746127976,0.31568622538720237
14,7660-HDPJV,1,0.47251952937706143,0.5274804706229386
15,0236-HFWSV,1,0.47251952937706143,0.5274804706229386
16,0929-PECLO,1,0.47251952937706143,0.5274804706229386
17,1010-DIAUQ,1,0.47251952937706143,0.5274804706229386
18,0895-LNKRC,0,0.924021121986497,0.07597887801350305
19,7817-BOQPW,1,0.47251952937706143,0.5274804706229386
20,2845-KDHVX,0,0.9747514759661121,0.025248524033887873
21,4315-MURBD,0,0.5533222645558862,0.4466777354441138
22,8720-RQSBJ,0,0.6843137746127976,0.31568622538720237
23,3932-IJWDZ,0,0.5533222645558862,0.4466777354441138
24,7471-MQPOS,0,0.9438751653736441,0.05612483462635589
25,5204-QZXPU,0,0.6843137746127976,0.31568622538720237
26,7188-CBBBA,0,0.834046150321617,0.16595384967838295
27,6015-VVHHE,1,0.47251952937706143,0.5274804706229386
28,1270-XKUCC,0,0.9654197033694775,0.03458029663052255
29,0909-SDHNU,0,0.6843137746127976,0.31568622538720237
30,9279-CJEOJ,1,0.47251952937706143,0.5274804706229386
31,9617-INGJY,1,0.47251952937706143,0.5274804706229386
32,3398-FSHON,1,0.47251952937706143,0.5274804706229386
33,7009-PCARS,0,0.924021121986497,0.07597887801350305
34,8780-IHCRN,0,0.9654197033694775,0.03458029663052255
35,2898-LSJGD,0,0.924021121986497,0.07597887801350305
36,4710-NKCAW,0,0.749848368829711,0.25015163117028905
37,1422-DGUBX,0,0.8742109014607506,0.12578909853924936
38,3714-NTNFO,1,0.47251952937706143,0.5274804706229386
39,8885-QSQBX,0,0.6843137746127976,0.31568622538720237
40,2498-XLDZR,0,0.9747514759661121,0.025248524033887873
41,7945-HLKEA,0,0.9438751653736441,0.05612483462635589
42,8805-JNRAZ,0,0.6843137746127976,0.31568622538720237
43,5155-AZQPB,0,0.6843137746127976,0.31568622538720237
44,7722-CVFXN,0,0.8742109014607506,0.12578909853924936
45,4365-MSDYN,0,0.6843137746127976,0.31568622538720237
46,1379-FRVEB,1,0.47251952937706143,0.5274804706229386
47,7647-GYYKX,0,0.9654197033694775,0.03458029663052255
48,8065-BVEPF,1,0.47251952937706143,0.5274804706229386
49,4255-DDUOU,0,0.6843137746127976,0.31568622538720237
50,9067-YGSCA,0,0.924021121986497,0.07597887801350305
51,1767-CJKBA,0,0.9654197033694775,0.03458029663052255
52,9150-HEPMB,0,0.924021121986497,0.07597887801350305
53,0289-IVARM,0,0.6843137746127976,0.31568622538720237
54,1813-JLKWR,0,0.924021121986497,0.07597887801350305
55,1508-DFXCU,1,0.47251952937706143,0.5274804706229386
56,6362-QHAFM,0,0.8742109014607506,0.12578909853924936
57,7080-TNUWP,0,0.834046150321617,0.16595384967838295
58,0193-ESZXP,0,0.8742109014607506,0.12578909853924936
59,4390-KYULV,0,0.6843137746127976,0.31568622538720237
60,6479-OAUSD,0,0.924021121986497,0.07597887801350305
61,2097-YVPKN,0,0.9654197033694775,0.03458029663052255
62,2202-CUYXZ,1,0.47251952937706143,0.5274804706229386
63,7734-DBOAI,0,0.749848368829711,0.25015163117028905
64,1862-QRWPE,0,0.9654197033694775,0.03458029663052255
65,4419-UJMUS,0,0.9410171307103394,0.05898286928966052
66,8563-IIOXK,0,0.924021121986497,0.07597887801350305
67,6479-VDGRK,0,0.9747514759661121,0.025248524033887873
68,5136-RGMZO,0,0.749848368829711,0.25015163117028905
69,0673-IGUQO,0,0.6843137746127976,0.31568622538720237
70,0581-BXBUB,1,0.47251952937706143,0.5274804706229386
71,8429-XIBUM,1,0.47251952937706143,0.5274804706229386
72,0030-FNXPP,0,0.6843137746127976,0.31568622538720237
73,1925-GMVBW,0,0.6843137746127976,0.31568622538720237
74,2662-NNTDK,0,0.924021121986497,0.07597887801350305
75,2277-VWCNI,0,0.6843137746127976,0.31568622538720237
76,8981-FJGLA,1,0.47251952937706143,0.5274804706229386
77,1707-HABPF,0,0.834046150321617,0.16595384967838295
78,4452-QIIEB,0,0.6843137746127976,0.31568622538720237
79,0709-TVGUR,1,0.47251952937706143,0.5274804706229386
80,0128-MKWSG,0,0.749848368829711,0.25015163117028905
81,8086-OVPWV,1,0.47251952937706143,0.5274804706229386
82,5550-VFRLC,1,0.47251952937706143,0.5274804706229386
83,4718-DHSMV,0,0.6843137746127976,0.31568622538720237
84,0248-PGHBZ,0,0.9410171307103394,0.05898286928966052
85,8992-VONJD,0,0.6843137746127976,0.31568622538720237
86,5995-LFTLE,0,0.9654197033694775,0.03458029663052255
87,5857-XRECV,0,0.924021121986497,0.07597887801350305
88,7517-LDMPS,1,0.47251952937706143,0.5274804706229386
89,4821-SJHJV,1,0.47251952937706143,0.5274804706229386
90,6784-XYJAE,0,0.924021121986497,0.07597887801350305
91,0925-VYDLG,1,0.47251952937706143,0.5274804706229386
92,6859-RKMZJ,0,0.6843137746127976,0.31568622538720237
93,8782-LKFPK,1,0.47251952937706143,0.5274804706229386
94,5364-XYIRR,1,0.47251952937706143,0.5274804706229386
95,9752-ZNQUT,0,0.6843137746127976,0.31568622538720237
96,8644-XYTSV,0,0.6843137746127976,0.31568622538720237
97,2592-YKDIF,0,0.6843137746127976,0.31568622538720237
98,6906-ANDWJ,1,0.47251952937706143,0.5274804706229386
99,7548-SEPYI,1,0.47251952937706143,0.5274804706229386
100,0396-YCHWO,1,0.47251952937706143,0.5274804706229386
101,5473-KHBPS,0,0.834046150321617,0.16595384967838295
102,8966-KZXXA,0,0.9654197033694775,0.03458029663052255
103,6838-YAUVY,0,0.9410171307103394,0.05898286928966052
104,5244-IRFIH,1,0.47251952937706143,0.5274804706229386
105,4903-UYAVB,0,0.6843137746127976,0.31568622538720237
106,6384-VMJHP,0,0.9747514759661121,0.025248524033887873
107,3672-YITQD,1,0.47251952937706143,0.5274804706229386
108,8327-WKMIE,0,0.924021121986497,0.07597887801350305
109,2817-LVCPP,0,0.9654197033694775,0.03458029663052255
110,9253-VIFJQ,0,0.924021121986497,0.07597887801350305
111,4526-EXKKN,0,0.9654197033694775,0.03458029663052255
112,3258-SANFR,0,0.6843137746127976,0.31568622538720237
113,6176-YJWAS,0,0.9202375004312571,0.07976249956874296
114,4191-XOVOM,0,0.5533222645558862,0.4466777354441138
115,1849-RJYIG,0,0.6843137746127976,0.31568622538720237
116,3957-LXOLK,1,0.47251952937706143,0.5274804706229386
117,8706-HRADD,0,0.749848368829711,0.25015163117028905
118,3841-NFECX,0,0.9410171307103394,0.05898286928966052
119,7537-RBWEA,0,0.6843137746127976,0.31568622538720237
120,2637-FKFSY,0,0.6843137746127976,0.31568622538720237
121,1895-QTKDO,0,0.6843137746127976,0.31568622538720237
122,2428-HYUNX,0,0.9654197033694775,0.03458029663052255
123,5835-BEQEU,1,0.47251952937706143,0.5274804706229386
124,2275-RBYQS,0,0.6843137746127976,0.31568622538720237
125,7586-ZATGZ,1,0.47251952937706143,0.5274804706229386
126,7216-EWTRS,1,0.47251952937706143,0.5274804706229386
127,6119-SPUDB,0,0.9747514759661121,0.025248524033887873
128,8474-UMLNT,0,0.749848368829711,0.25015163117028905
129,9057-SIHCH,1,0.47251952937706143,0.5274804706229386
130,5144-TVGLP,1,0.47251952937706143,0.5274804706229386
131,7115-IRDHS,0,0.9654197033694775,0.03458029663052255
132,0742-LAFQK,0,0.9202375004312571,0.07976249956874296
133,1679-JRFBR,0,0.834046150321617,0.16595384967838295
134,8263-QMNTJ,0,0.9410171307103394,0.05898286928966052
135,5813-UECBU,1,0.47251952937706143,0.5274804706229386
136,7779-ORAEL,0,0.9747514759661121,0.025248524033887873
137,3295-YVUSR,1,0.47251952937706143,0.5274804706229386
138,2454-RPBRZ,1,0.47251952937706143,0.5274804706229386
139,5016-IBERQ,1,0.47251952937706143,0.5274804706229386
140,0661-WCQNQ,0,0.9438751653736441,0.05612483462635589
141,2848-YXSMW,0,0.9654197033694775,0.03458029663052255
142,7089-RKVSZ,0,0.924021121986497,0.07597887801350305
143,2115-BFTIW,1,0.47251952937706143,0.5274804706229386
144,1996-DBMUS,1,0.47251952937706143,0.5274804706229386
145,7534-BFESC,1,0.47251952937706143,0.5274804706229386
146,9611-CTWIH,1,0.47251952937706143,0.5274804706229386
147,5103-MHMHY,0,0.6843137746127976,0.31568622538720237
148,1177-XZBJL,0,0.9438751653736441,0.05612483462635589
149,3717-LNXKW,1,0.47251952937706143,0.5274804706229386
150,2808-CHTDM,0,0.9654197033694775,0.03458029663052255
151,3134-DSHVC,0,0.9202375004312571,0.07976249956874296
152,5730-RIITO,0,0.6843137746127976,0.31568622538720237
153,8050-DVOJX,0,0.9747514759661121,0.025248524033887873
154,1612-EOHDH,0,0.6843137746127976,0.31568622538720237
155,0804-YGEQV,0,0.924021121986497,0.07597887801350305
156,5730-DBDSI,0,0.9654197033694775,0.03458029663052255
157,9089-UOWJG,0,0.6843137746127976,0.31568622538720237
158,7253-UVNDW,0,0.9747514759661121,0.025248524033887873
159,9688-YGXVR,1,0.47251952937706143,0.5274804706229386
160,8024-XNAFQ,0,0.9410171307103394,0.05898286928966052
161,7795-CFOCW,0,0.9438751653736441,0.05612483462635589
162,6141-OOXUQ,0,0.6843137746127976,0.31568622538720237
163,4881-GQJTW,0,0.6843137746127976,0.31568622538720237
164,7690-KPNCU,0,0.924021121986497,0.07597887801350305
165,2474-LCNUE,0,0.749848368829711,0.25015163117028905
166,3132-TVFDZ,0,0.6843137746127976,0.31568622538720237
167,4080-OGPJL,0,0.749848368829711,0.25015163117028905
168,5669-SRAIP,0,0.6843137746127976,0.31568622538720237
169,4302-ZYFEL,0,0.924021121986497,0.07597887801350305
170,8309-PPCED,0,0.9410171307103394,0.05898286928966052
171,2514-GINMM,1,0.47251952937706143,0.5274804706229386
172,5056-FIMPT,0,0.8742109014607506,0.12578909853924936
173,2996-XAUVF,0,0.9747514759661121,0.025248524033887873
174,7973-DZRKH,0,0.9410171307103394,0.05898286928966052
175,5989-OMNJE,0,0.924021121986497,0.07597887801350305
176,5146-CBVOE,1,0.47251952937706143,0.5274804706229386
177,0531-ZZJWQ,1,0.47251952937706143,0.5274804706229386
178,9227-YBAXE,0,0.9747514759661121,0.025248524033887873
179,2091-MJTFX,0,0.749848368829711,0.25015163117028905
180,9945-PSVIP,0,0.9654197033694775,0.03458029663052255
181,6769-DYBQN,1,0.47251952937706143,0.5274804706229386
182,0602-DDUML,0,0.9747514759661121,0.025248524033887873
183,3354-OADJP,0,0.9438751653736441,0.05612483462635589
184,6352-TWCAU,1,0.47251952937706143,0.5274804706229386
185,5951-AOFIH,0,0.6843137746127976,0.31568622538720237
186,1658-TJVOA,1,0.47251952937706143,0.5274804706229386
187,2276-YDAVZ,1,0.47251952937706143,0.5274804706229386
188,5366-OBVMR,0,0.749848368829711,0.25015163117028905
189,1925-TIBLE,1,0.47251952937706143,0.5274804706229386
190,2300-RQGOI,0,0.9654197033694775,0.03458029663052255
191,7989-CHGTL,0,0.6843137746127976,0.31568622538720237
192,9577-WJVCQ,0,0.6843137746127976,0.31568622538720237
193,9863-JZAIC,0,0.6843137746127976,0.31568622538720237
194,4877-TSOFF,0,0.9438751653736441,0.05612483462635589
195,9919-FZDED,0,0.9654197033694775,0.03458029663052255
196,8718-PTMEZ,0,0.6843137746127976,0.31568622538720237
197,2868-LLSKM,0,0.8742109014607506,0.12578909853924936
198,4482-EWFMI,1,0.47251952937706143,0.5274804706229386
199,7826-VVKWT,0,0.9202375004312571,0.07976249956874296
200,6546-OPBBH,0,0.924021121986497,0.07597887801350305
201,7613-LLQFO,1,0.47251952937706143,0.5274804706229386
202,6461-PPAXN,0,0.9438751653736441,0.05612483462635589
203,6469-QJKZW,0,0.6843137746127976,0.31568622538720237
204,6905-NIQIN,0,0.6843137746127976,0.31568622538720237
205,9637-EIHEQ,0,0.749848368829711,0.25015163117028905
206,3898-BSJYF,0,0.9438751653736441,0.05612483462635589
207,0021-IKXGC,1,0.47251952937706143,0.5274804706229386
208,7246-ZGQDF,0,0.749848368829711,0.25015163117028905
209,5002-GCQFH,1,0.47251952937706143,0.5274804706229386
210,7207-RMRDB,1,0.47251952937706143,0.5274804706229386
211,2045-BMBTJ,0,0.6843137746127976,0.31568622538720237
212,3930-ZGWVE,0,0.6843137746127976,0.31568622538720237
213,2211-RMNHO,0,0.9747514759661121,0.025248524033887873
214,5140-FOMCQ,0,0.834046150321617,0.16595384967838295
215,9734-YWGEX,1,0.47251952937706143,0.5274804706229386
216,9531-NSBMR,0,0.924021121986497,0.07597887801350305
217,9624-EGDEQ,0,0.9654197033694775,0.03458029663052255
218,3981-QSVQI,0,0.6843137746127976,0.31568622538720237
219,0067-DKWBL,0,0.6843137746127976,0.31568622538720237
220,2180-DXNEG,1,0.47251952937706143,0.5274804706229386
221,4634-JLRJT,0,0.6843137746127976,0.31568622538720237
222,4510-PYUSH,0,0.6843137746127976,0.31568622538720237
223,1031-IIDEO,1,0.47251952937706143,0.5274804706229386
224,0068-FIGTF,0,0.9438751653736441,0.05612483462635589
225,3398-ZOUAA,1,0.47251952937706143,0.5274804706229386
226,4329-YPDDQ,0,0.5533222645558862,0.4466777354441138
227,6475-VHUIZ,0,0.749848368829711,0.25015163117028905
228,4983-CLMLV,0,0.5533222645558862,0.4466777354441138
229,6772-KSATR,1,0.47251952937706143,0.5274804706229386
230,3262-EIDHV,0,0.9747514759661121,0.025248524033887873
231,3221-CJMSG,0,0.749848368829711,0.25015163117028905
232,3280-MRDOF,0,0.9747514759661121,0.025248524033887873
233,6259-WJQLC,1,0.47251952937706143,0.5274804706229386
234,8232-CTLKO,0,0.9654197033694775,0.03458029663052255
235,8414-MYSHR,1,0.47251952937706143,0.5274804706229386
236,3658-KIBGF,0,0.6843137746127976,0.31568622538720237
237,1492-KGETH,0,0.9438751653736441,0.05612483462635589
238,0623-IIHUG,0,0.6843137746127976,0.31568622538720237
239,3023-GFLBR,1,0.47251952937706143,0.5274804706229386
240,2223-GDSHL,0,0.9410171307103394,0.05898286928966052
241,7550-WIQVA,0,0.834046150321617,0.16595384967838295
242,5766-ZJYBB,0,0.6843137746127976,0.31568622538720237
243,6701-DHKWQ,0,0.9747514759661121,0.025248524033887873
244,2642-MAWLJ,0,0.9654197033694775,0.03458029663052255
245,4360-PNRQB,1,0.47251952937706143,0.5274804706229386
246,6581-NQCBA,0,0.749848368829711,0.25015163117028905
247,6217-KDYWC,0,0.9654197033694775,0.03458029663052255
248,8313-NDOIA,1,0.47251952937706143,0.5274804706229386
249,3511-BFTJW,0,0.9654197033694775,0.03458029663052255
250,1755-RMCXH,0,0.6843137746127976,0.31568622538720237
251,4011-ARPHK,0,0.6843137746127976,0.31568622538720237
252,4446-BZKHU,1,0.47251952937706143,0.5274804706229386
253,3522-CDKHF,1,0.47251952937706143,0.5274804706229386
254,4753-PADAS,0,0.834046150321617,0.16595384967838295
255,9845-PEEKO,0,0.9202375004312571,0.07976249956874296
256,8580-AECUZ,1,0.47251952937706143,0.5274804706229386
257,9770-KXGQU,0,0.834046150321617,0.16595384967838295
258,7786-WBJYI,1,0.47251952937706143,0.5274804706229386
259,3703-KBKZP,1,0.47251952937706143,0.5274804706229386
260,2856-HYAPG,1,0.47251952937706143,0.5274804706229386
261,7812-FZHPE,0,0.6843137746127976,0.31568622538720237
262,3956-CJUST,1,0.47251952937706143,0.5274804706229386
263,7217-JYHOQ,0,0.749848368829711,0.25015163117028905
264,3058-WQDRE,0,0.6843137746127976,0.31568622538720237
265,5181-OABFK,0,0.9654197033694775,0.03458029663052255
266,7416-CKTEP,0,0.9654197033694775,0.03458029663052255
267,9972-NKTFD,0,0.749848368829711,0.25015163117028905
268,2672-TGEFF,1,0.47251952937706143,0.5274804706229386
269,5562-YJQGT,0,0.6843137746127976,0.31568622538720237
270,4697-LUPSU,0,0.924021121986497,0.07597887801350305
271,8495-PRWFH,0,0.6843137746127976,0.31568622538720237
272,8938-UMKPI,1,0.47251952937706143,0.5274804706229386
273,4853-RULSV,0,0.9410171307103394,0.05898286928966052
274,4312-GVYNH,0,0.9747514759661121,0.025248524033887873
275,6857-TKDJV,0,0.9654197033694775,0.03458029663052255
276,8190-ZTQFB,0,0.924021121986497,0.07597887801350305
277,9638-JIQYA,0,0.6843137746127976,0.31568622538720237
278,2205-LPVGL,0,0.8742109014607506,0.12578909853924936
279,3249-ZPQRG,1,0.47251952937706143,0.5274804706229386
280,7629-WFGLW,0,0.8742109014607506,0.12578909853924936
281,5995-WWKKG,0,0.924021121986497,0.07597887801350305
282,2057-ZBLPD,1,0.47251952937706143,0.5274804706229386
283,2810-FTLEM,0,0.6843137746127976,0.31568622538720237
284,9411-TPQQV,0,0.9438751653736441,0.05612483462635589
285,0376-YMCJC,0,0.5533222645558862,0.4466777354441138
286,1047-NNCBF,1,0.47251952937706143,0.5274804706229386
287,2259-OUUSZ,0,0.9438751653736441,0.05612483462635589
288,1568-BEKZM,0,0.9747514759661121,0.025248524033887873
289,8735-NBLWT,0,0.6843137746127976,0.31568622538720237
290,4065-JJAVA,0,0.6843137746127976,0.31568622538720237
291,6235-VDHOM,0,0.6843137746127976,0.31568622538720237
292,4847-QNOKA,0,0.6843137746127976,0.31568622538720237
293,5043-TRZWM,1,0.47251952937706143,0.5274804706229386
294,8266-VBFQL,0,0.5533222645558862,0.4466777354441138
295,8167-GJLRN,0,0.749848368829711,0.25015163117028905
296,6518-LGAOV,0,0.5533222645558862,0.4466777354441138
297,7746-AWNQW,0,0.749848368829711,0.25015163117028905
298,7593-JNWRU,0,0.6843137746127976,0.31568622538720237
299,7169-YWAMK,0,0.9747514759661121,0.025248524033887873
300,7789-HKSBS,0,0.834046150321617,0.16595384967838295
301,1779-PWPMG,0,0.9410171307103394,0.05898286928966052
302,5127-BZENZ,0,0.924021121986497,0.07597887801350305
303,9975-GPKZU,0,0.9654197033694775,0.03458029663052255
304,8780-IXSTS,1,0.47251952937706143,0.5274804706229386
305,5688-KZTSN,0,0.6843137746127976,0.31568622538720237
306,6522-YRBXD,1,0.47251952937706143,0.5274804706229386
307,0247-SLUJI,0,0.6843137746127976,0.31568622538720237
308,0870-VEMYL,0,0.749848368829711,0.25015163117028905
309,1626-ERCMM,1,0.47251952937706143,0.5274804706229386
310,6289-CPNLD,0,0.9438751653736441,0.05612483462635589
311,3239-TPHPZ,0,0.9654197033694775,0.03458029663052255
312,4002-BQWPQ,0,0.749848368829711,0.25015163117028905
313,6919-ELBGL,0,0.9410171307103394,0.05898286928966052
314,9992-UJOEL,0,0.6843137746127976,0.31568622538720237
315,6347-DCUIK,1,0.47251952937706143,0.5274804706229386
316,6400-BWQKW,1,0.47251952937706143,0.5274804706229386
317,7270-BDIOA,0,0.5533222645558862,0.4466777354441138
318,2977-CEBSX,0,0.9747514759661121,0.025248524033887873
319,8413-VONUO,1,0.47251952937706143,0.5274804706229386
320,0354-WYROK,0,0.5533222645558862,0.4466777354441138
321,7794-JASDG,0,0.6843137746127976,0.31568622538720237
322,1357-MVDOZ,0,0.6843137746127976,0.31568622538720237
323,0270-THENM,0,0.9747514759661121,0.025248524033887873
324,3512-IZIKN,0,0.9747514759661121,0.025248524033887873
325,5219-YIPTK,1,0.47251952937706143,0.5274804706229386
326,7537-CBQUZ,1,0.47251952937706143,0.5274804706229386
327,8966-SNIZF,0,0.9654197033694775,0.03458029663052255
328,7580-UGXNC,0,0.6843137746127976,0.31568622538720237
329,4054-CUMIA,0,0.6843137746127976,0.31568622538720237
330,4750-UKWJK,0,0.924021121986497,0.07597887801350305
331,0394-YONDK,0,0.9654197033694775,0.03458029663052255
332,6341-JVQGF,0,0.9438751653736441,0.05612483462635589
333,4139-SUGLD,0,0.749848368829711,0.25015163117028905
334,3617-XLSGQ,0,0.9202375004312571,0.07976249956874296
335,7153-CHRBV,0,0.9438751653736441,0.05612483462635589
336,8654-DHAOW,0,0.6843137746127976,0.31568622538720237
337,8908-NMQTX,0,0.9747514759661121,0.025248524033887873
338,0847-HGRML,0,0.9654197033694775,0.03458029663052255
339,8920-NAVAY,0,0.8742109014607506,0.12578909853924936
340,4670-TABXH,0,0.9410171307103394,0.05898286928966052
341,7504-UWHNB,1,0.47251952937706143,0.5274804706229386
342,2284-VFLKH,0,0.8742109014607506,0.12578909853924936
343,1121-QSIVB,0,0.924021121986497,0.07597887801350305
344,9274-UARKJ,1,0.47251952937706143,0.5274804706229386
345,2252-NKNSI,0,0.9747514759661121,0.025248524033887873
346,3410-MHHUM,0,0.834046150321617,0.16595384967838295
347,6092-QZVPP,0,0.749848368829711,0.25015163117028905
348,7663-RGWBC,0,0.6843137746127976,0.31568622538720237
349,9530-EHPOH,0,0.6843137746127976,0.31568622538720237
350,8065-YKXKD,1,0.47251952937706143,0.5274804706229386
351,5753-QQWPW,0,0.9438751653736441,0.05612483462635589
352,6258-NGCNG,0,0.6843137746127976,0.31568622538720237
353,5555-RNPGT,0,0.6843137746127976,0.31568622538720237
354,0661-KBKPA,0,0.9438751653736441,0.05612483462635589
355,4291-HPAXL,0,0.6843137746127976,0.31568622538720237
356,7394-FKDNK,1,0.47251952937706143,0.5274804706229386
357,9637-CDTKZ,0,0.9410171307103394,0.05898286928966052
358,2984-RGEYA,0,0.9654197033694775,0.03458029663052255
359,9134-WYRVP,0,0.834046150321617,0.16595384967838295
360,5622-UEJFI,0,0.9654197033694775,0.03458029663052255
361,2226-ICFDO,0,0.9747514759661121,0.025248524033887873
362,0670-KDOMA,0,0.6843137746127976,0.31568622538720237
363,7609-NRNCA,0,0.924021121986497,0.07597887801350305
364,7860-KSUGX,0,0.9654197033694775,0.03458029663052255
365,0516-QREYC,0,0.6843137746127976,0.31568622538720237
366,1580-BMCMR,1,0.47251952937706143,0.5274804706229386
367,6946-LMSQS,0,0.834046150321617,0.16595384967838295
368,4030-VPZBD,0,0.749848368829711,0.25015163117028905
369,0757-WCUUZ,0,0.9654197033694775,0.03458029663052255
370,5141-ZUVBH,0,0.5533222645558862,0.4466777354441138
371,4782-OSFXZ,0,0.9747514759661121,0.025248524033887873
372,0074-HDKDG,0,0.924021121986497,0.07597887801350305
373,1337-BOZWO,0,0.924021121986497,0.07597887801350305
374,5600-PDUJF,0,0.749848368829711,0.25015163117028905
375,3070-BDOQC,0,0.9202375004312571,0.07976249956874296
376,0376-OIWME,1,0.47251952937706143,0.5274804706229386
377,2696-ECXKC,0,0.834046150321617,0.16595384967838295
378,8573-CGOCC,0,0.6843137746127976,0.31568622538720237
379,3521-MNKLV,0,0.6843137746127976,0.31568622538720237
380,2495-TTHBQ,0,0.924021121986497,0.07597887801350305
381,6893-ODYYE,0,0.8742109014607506,0.12578909853924936
382,1905-OEILC,0,0.6843137746127976,0.31568622538720237
383,5628-FCGYG,1,0.47251952937706143,0.5274804706229386
384,3043-SUDUA,0,0.6843137746127976,0.31568622538720237
385,9878-TNQGW,1,0.47251952937706143,0.5274804706229386
386,2476-YGEFM,1,0.47251952937706143,0.5274804706229386
387,5590-BYNII,1,0.47251952937706143,0.5274804706229386
388,2606-PKWJB,0,0.9438751653736441,0.05612483462635589
389,9432-RUVSL,0,0.9410171307103394,0.05898286928966052
390,7363-QTBIW,1,0.47251952937706143,0.5274804706229386
391,9053-EJUNL,1,0.47251952937706143,0.5274804706229386
392,5197-LQXXH,0,0.9747514759661121,0.025248524033887873
393,6507-ZJSUR,1,0.47251952937706143,0.5274804706229386
394,5968-XQIVE,0,0.834046150321617,0.16595384967838295
395,3419-SNJJD,1,0.47251952937706143,0.5274804706229386
396,6029-CSMJE,0,0.6843137746127976,0.31568622538720237
397,6715-OFDBP,0,0.6843137746127976,0.31568622538720237
398,5906-DVAPM,0,0.9438751653736441,0.05612483462635589
399,5338-YHWYT,0,0.9747514759661121,0.025248524033887873
400,9586-JGQKH,0,0.9410171307103394,0.05898286928966052
401,2789-HQBOU,1,0.47251952937706143,0.5274804706229386
402,2545-LXYVJ,0,0.9654197033694775,0.03458029663052255
403,9054-FOWNV,1,0.47251952937706143,0.5274804706229386
404,9985-MWVIX,1,0.47251952937706143,0.5274804706229386
405,1866-NXPSP,0,0.9438751653736441,0.05612483462635589
406,4998-IKFSE,1,0.47251952937706143,0.5274804706229386
407,6322-PJJDJ,0,0.9202375004312571,0.07976249956874296
408,1009-IRMNA,0,0.6843137746127976,0.31568622538720237
409,4636-OLWOE,0,0.9438751653736441,0.05612483462635589
410,7617-EYGLW,0,0.6843137746127976,0.31568622538720237
411,5939-XAIXZ,0,0.6843137746127976,0.31568622538720237
412,3520-FJGCV,0,0.9410171307103394,0.05898286928966052
413,0818-OCPZO,1,0.47251952937706143,0.5274804706229386
414,3413-BMNZE,0,0.6843137746127976,0.31568622538720237
415,8999-EXMNO,0,0.9654197033694775,0.03458029663052255
416,7469-LKBCI,0,0.9654197033694775,0.03458029663052255
417,0135-NMXAP,1,0.47251952937706143,0.5274804706229386
418,7049-GKVZY,0,0.9438751653736441,0.05612483462635589
419,3945-GFWQL,0,0.6843137746127976,0.31568622538720237
420,9728-FTTVZ,1,0.47251952937706143,0.5274804706229386
421,1217-VASWC,0,0.834046150321617,0.16595384967838295
422,4795-UXVCJ,0,0.924021121986497,0.07597887801350305
423,8728-SKJLR,0,0.5533222645558862,0.4466777354441138
424,7855-DIWPO,1,0.47251952937706143,0.5274804706229386
425,4957-TREIR,0,0.749848368829711,0.25015163117028905
426,6807-SIWJI,0,0.834046150321617,0.16595384967838295
427,5649-RXQTV,1,0.47251952937706143,0.5274804706229386
428,5850-BDWCY,0,0.6843137746127976,0.31568622538720237
429,8639-NHQEI,0,0.9202375004312571,0.07976249956874296
430,7245-JMTTQ,0,0.8742109014607506,0.12578909853924936
431,8107-RZLNV,0,0.9202375004312571,0.07976249956874296
432,3230-WYKIR,0,0.9438751653736441,0.05612483462635589
433,7139-JZFVG,0,0.9654197033694775,0.03458029663052255
434,9140-CZQZZ,0,0.9747514759661121,0.025248524033887873
435,8388-FYNPZ,0,0.6843137746127976,0.31568622538720237
436,1469-LBJQJ,1,0.47251952937706143,0.5274804706229386
437,7928-VJYAB,1,0.47251952937706143,0.5274804706229386
438,9039-RBEEE,0,0.749848368829711,0.25015163117028905
439,1624-NALOJ,1,0.47251952937706143,0.5274804706229386
440,6543-XRMYR,1,0.47251952937706143,0.5274804706229386
441,0550-DCXLH,0,0.749848368829711,0.25015163117028905
442,0464-WJTKO,0,0.9654197033694775,0.03458029663052255
443,0906-QVPMS,0,0.9410171307103394,0.05898286928966052
444,3312-ZWLGF,0,0.5533222645558862,0.4466777354441138
445,6265-FRMTQ,0,0.9654197033694775,0.03458029663052255
446,2821-WARNZ,0,0.924021121986497,0.07597887801350305
447,3460-TJBWI,0,0.9654197033694775,0.03458029663052255
448,2424-WVHPL,0,0.5533222645558862,0.4466777354441138
449,0733-VUNUW,0,0.6843137746127976,0.31568622538720237
450,7401-RUBNK,1,0.47251952937706143,0.5274804706229386
451,2439-QKJUL,0,0.6843137746127976,0.31568622538720237
452,2968-SSGAA,1,0.47251952937706143,0.5274804706229386
453,1571-SAVHK,0,0.5533222645558862,0.4466777354441138
454,2146-EGVDT,0,0.9654197033694775,0.03458029663052255
455,2907-ILJBN,0,0.924021121986497,0.07597887801350305
456,1322-AGOQM,0,0.6843137746127976,0.31568622538720237
457,2990-IAJSV,0,0.9747514759661121,0.025248524033887873
458,1976-CFOCS,0,0.6843137746127976,0.31568622538720237
459,3070-FNFZQ,0,0.9654197033694775,0.03458029663052255
460,5533-RJFTJ,0,0.6843137746127976,0.31568622538720237
461,8205-VSLRB,0,0.9747514759661121,0.025248524033887873
462,7137-NAXML,0,0.924021121986497,0.07597887801350305
463,7716-YTYHG,0,0.834046150321617,0.16595384967838295
464,5996-EBTKM,0,0.9747514759661121,0.025248524033887873
465,3655-SNQYZ,0,0.9410171307103394,0.05898286928966052
466,4988-IQIGL,1,0.47251952937706143,0.5274804706229386
467,4822-RVYBB,1,0.47251952937706143,0.5274804706229386
468,0867-LDTTC,0,0.749848368829711,0.25015163117028905
469,2674-MIAHT,1,0.47251952937706143,0.5274804706229386
470,8559-CIZFV,0,0.9438751653736441,0.05612483462635589
471,1963-SVUCV,0,0.6843137746127976,0.31568622538720237
472,0661-XEYAN,0,0.6843137746127976,0.31568622538720237
473,1222-KJNZD,0,0.6843137746127976,0.31568622538720237
474,3137-LUPIX,0,0.749848368829711,0.25015163117028905
475,2834-JKOOW,0,0.9438751653736441,0.05612483462635589
476,7595-EHCDL,0,0.6843137746127976,0.31568622538720237
477,4208-UFFGW,0,0.6843137746127976,0.31568622538720237
478,8799-OXZMD,0,0.6843137746127976,0.31568622538720237
479,5176-LMJXE,0,0.9654197033694775,0.03458029663052255
480,3640-PHQXK,1,0.47251952937706143,0.5274804706229386
481,7950-XWOVN,0,0.6843137746127976,0.31568622538720237
482,4906-ZHGPK,0,0.9438751653736441,0.05612483462635589
483,1125-SNVCK,0,0.6843137746127976,0.31568622538720237
484,6549-NNDYT,0,0.6843137746127976,0.31568622538720237
485,4576-CSAJH,0,0.9438751653736441,0.05612483462635589
486,0265-EDXBD,1,0.47251952937706143,0.5274804706229386
487,0867-MKZVY,1,0.47251952937706143,0.5274804706229386
488,8042-JVNFH,1,0.47251952937706143,0.5274804706229386
489,5696-CEIQJ,0,0.9410171307103394,0.05898286928966052
490,1455-UGQVH,1,0.47251952937706143,0.5274804706229386
491,4547-FZJWE,0,0.924021121986497,0.07597887801350305
492,3254-YRILK,1,0.47251952937706143,0.5274804706229386
493,8630-QSGXK,0,0.9747514759661121,0.025248524033887873
494,3156-QLHBO,0,0.6843137746127976,0.31568622538720237
495,6924-TDGMT,0,0.924021121986497,0.07597887801350305
496,7654-YWJUF,0,0.8742109014607506,0.12578909853924936
497,4631-OACRM,1,0.47251952937706143,0.5274804706229386
498,4587-NUKOX,1,0.47251952937706143,0.5274804706229386
499,7503-ZGUZJ,1,0.47251952937706143,0.5274804706229386
500,7663-YJHSN,0,0.9410171307103394,0.05898286928966052
501,6918-UMQCG,1,0.47251952937706143,0.5274804706229386
502,2777-PHDEI,1,0.47251952937706143,0.5274804706229386
503,6563-VRERX,0,0.924021121986497,0.07597887801350305
504,4667-QONEA,0,0.9438751653736441,0.05612483462635589
505,5756-JYOJT,0,0.9438751653736441,0.05612483462635589
506,5039-LZRQT,0,0.924021121986497,0.07597887801350305
507,6723-WSNTY,0,0.8742109014607506,0.12578909853924936
508,5371-VYLSX,1,0.47251952937706143,0.5274804706229386
509,6933-FHBZC,0,0.924021121986497,0.07597887801350305
510,8337-MSSXB,1,0.47251952937706143,0.5274804706229386
511,4119-ZYPZY,0,0.9410171307103394,0.05898286928966052
512,1697-LYYYX,0,0.924021121986497,0.07597887801350305
513,4959-JOSRX,0,0.6843137746127976,0.31568622538720237
514,4891-NLUBA,0,0.9747514759661121,0.025248524033887873
515,5931-FLJJF,1,0.47251952937706143,0.5274804706229386
516,1730-VFMWO,0,0.749848368829711,0.25015163117028905
517,0930-EHUZA,0,0.9438751653736441,0.05612483462635589
518,5917-RYRMG,0,0.924021121986497,0.07597887801350305
519,6121-VZNQB,0,0.6843137746127976,0.31568622538720237
520,9506-UXUSK,1,0.47251952937706143,0.5274804706229386
521,9548-LERKT,0,0.9654197033694775,0.03458029663052255
522,1506-YJTYT,0,0.9747514759661121,0.025248524033887873
523,0637-YLETY,1,0.47251952937706143,0.5274804706229386
524,7831-QGOXH,1,0.47251952937706143,0.5274804706229386
525,5442-BXVND,0,0.6843137746127976,0.31568622538720237
526,2796-NNUFI,0,0.9654197033694775,0.03458029663052255
527,1396-QWFBJ,1,0.47251952937706143,0.5274804706229386
528,4976-LNFVV,0,0.6843137746127976,0.31568622538720237
529,9943-VSZUV,1,0.47251952937706143,0.5274804706229386
530,5160-UXJED,0,0.924021121986497,0.07597887801350305
531,0541-FITGH,0,0.6843137746127976,0.31568622538720237
532,1169-WCVAK,0,0.5533222645558862,0.4466777354441138
533,8012-SOUDQ,1,0.47251952937706143,0.5274804706229386
534,7845-URHJN,0,0.6843137746127976,0.31568622538720237
535,8566-YPRGL,0,0.6843137746127976,0.31568622538720237
536,8869-LIHMK,0,0.9410171307103394,0.05898286928966052
537,5802-ADBRC,0,0.834046150321617,0.16595384967838295
538,4083-EUGRJ,0,0.6843137746127976,0.31568622538720237
539,3791-LGQCY,1,0.47251952937706143,0.5274804706229386
540,1357-BIJKI,0,0.834046150321617,0.16595384967838295
541,3739-YBWAB,0,0.924021121986497,0.07597887801350305
542,2832-SCUCO,0,0.6843137746127976,0.31568622538720237
543,4237-CLSMM,0,0.6843137746127976,0.31568622538720237
544,1697-BCSHV,0,0.6843137746127976,0.31568622538720237
545,6376-GAHQE,1,0.47251952937706143,0.5274804706229386
546,3658-QQJYD,0,0.924021121986497,0.07597887801350305
547,6651-RLGGM,0,0.9654197033694775,0.03458029663052255
548,2038-OEQZH,1,0.47251952937706143,0.5274804706229386
549,3996-ZNWYK,0,0.9654197033694775,0.03458029663052255
550,2815-CPTUL,1,0.47251952937706143,0.5274804706229386
551,9167-APMXZ,1,0.47251952937706143,0.5274804706229386
552,6435-SRWBJ,0,0.5533222645558862,0.4466777354441138
553,8099-MZPUJ,0,0.9410171307103394,0.05898286928966052
554,8410-BGQXN,0,0.6843137746127976,0.31568622538720237
555,9618-LFJRU,0,0.6843137746127976,0.31568622538720237
556,1400-MMYXY,1,0.47251952937706143,0.5274804706229386
557,7055-JCGNI,0,0.9410171307103394,0.05898286928966052
558,7693-LCKZL,1,0.47251952937706143,0.5274804706229386
559,4872-JCVCA,0,0.9747514759661121,0.025248524033887873
560,5297-MDOIR,0,0.834046150321617,0.16595384967838295
561,9137-NOQKA,0,0.6843137746127976,0.31568622538720237
562,0699-NDKJM,0,0.6843137746127976,0.31568622538720237
563,2725-TTRIQ,0,0.9747514759661121,0.025248524033887873
564,8058-DMYRU,1,0.47251952937706143,0.5274804706229386
565,7180-PISOG,1,0.47251952937706143,0.5274804706229386
566,6519-ZHPXP,0,0.9410171307103394,0.05898286928966052
567,6013-BHCAW,0,0.9747514759661121,0.025248524033887873
568,4439-JMPMT,0,0.5533222645558862,0.4466777354441138
569,7969-AULMZ,1,0.47251952937706143,0.5274804706229386
570,6617-WLBQC,0,0.834046150321617,0.16595384967838295
571,8637-XJIVR,1,0.47251952937706143,0.5274804706229386
572,3992-YWPKO,0,0.5533222645558862,0.4466777354441138
573,9847-HNVGP,0,0.924021121986497,0.07597887801350305
574,9953-ZMKSM,0,0.9654197033694775,0.03458029663052255
575,6910-HADCM,1,0.47251952937706143,0.5274804706229386
576,0804-XBFBV,0,0.6843137746127976,0.31568622538720237
577,6007-TCTST,0,0.9410171307103394,0.05898286928966052
578,2753-JMMCV,0,0.9747514759661121,0.025248524033887873
579,0027-KWYKW,1,0.47251952937706143,0.5274804706229386
580,6734-GMPVK,1,0.47251952937706143,0.5274804706229386
581,5022-JNQEQ,0,0.5533222645558862,0.4466777354441138
582,2452-MRMZF,0,0.9654197033694775,0.03458029663052255
583,5453-AXEPF,1,0.47251952937706143,0.5274804706229386
584,3387-VATUS,1,0.47251952937706143,0.5274804706229386
585,9600-UDOPK,1,0.47251952937706143,0.5274804706229386
586,5760-FXFVO,1,0.47251952937706143,0.5274804706229386
587,6956-SMUCM,1,0.47251952937706143,0.5274804706229386
588,3158-MOERK,1,0.47251952937706143,0.5274804706229386
589,8404-VIOMB,0,0.9747514759661121,0.025248524033887873
590,7450-NWRTR,1,0.47251952937706143,0.5274804706229386
591,7815-PDTHL,0,0.9654197033694775,0.03458029663052255
592,8015-IHCGW,0,0.9410171307103394,0.05898286928966052
593,9399-APLBT,1,0.47251952937706143,0.5274804706229386
594,5115-SQAAU,0,0.9654197033694775,0.03458029663052255
595,7683-CBDKJ,0,0.6843137746127976,0.31568622538720237
596,9507-HSMMZ,0,0.9654197033694775,0.03458029663052255
597,6741-EGCBI,1,0.47251952937706143,0.5274804706229386
598,7326-RIGQZ,1,0.47251952937706143,0.5274804706229386
599,2971-SGAFL,0,0.6843137746127976,0.31568622538720237
600,9824-BEMCV,1,0.47251952937706143,0.5274804706229386
601,4039-HEUNW,1,0.47251952937706143,0.5274804706229386
602,0567-XRHCU,0,0.9654197033694775,0.03458029663052255
603,4957-SREEC,0,0.9654197033694775,0.03458029663052255
604,3466-WAESX,0,0.6843137746127976,0.31568622538720237
605,5075-JSDKI,0,0.9654197033694775,0.03458029663052255
606,0940-OUQEC,1,0.47251952937706143,0.5274804706229386
607,4847-TAJYI,1,0.47251952937706143,0.5274804706229386
608,2239-CFOUJ,0,0.924021121986497,0.07597887801350305
609,4931-TRZWN,0,0.6843137746127976,0.31568622538720237
610,7673-BQGKU,0,0.9654197033694775,0.03458029663052255
611,3026-ATZYV,0,0.924021121986497,0.07597887801350305
612,4290-BSXUX,0,0.5533222645558862,0.4466777354441138
613,1099-BTKWT,0,0.924021121986497,0.07597887801350305
614,0082-LDZUE,0,0.6843137746127976,0.31568622538720237
615,8311-UEUAB,0,0.9654197033694775,0.03458029663052255
616,3913-RDSJZ,0,0.9654197033694775,0.03458029663052255
617,6732-FZUGP,0,0.834046150321617,0.16595384967838295
618,3896-RCYYE,0,0.749848368829711,0.25015163117028905
619,1448-CYWKC,0,0.834046150321617,0.16595384967838295
620,9388-ZEYVT,0,0.9438751653736441,0.05612483462635589
621,9108-EJFJP,0,0.6843137746127976,0.31568622538720237
622,7061-OVMIM,0,0.924021121986497,0.07597887801350305
623,0221-WMXNQ,1,0.47251952937706143,0.5274804706229386
624,8735-SDUFN,0,0.9654197033694775,0.03458029663052255
625,0953-LGOVU,0,0.749848368829711,0.25015163117028905
626,8197-BFWVU,0,0.9747514759661121,0.025248524033887873
627,3244-CQPHU,0,0.9410171307103394,0.05898286928966052
628,9462-MJUAW,0,0.6843137746127976,0.31568622538720237
629,1098-TDVUQ,0,0.6843137746127976,0.31568622538720237
630,8108-UXRQN,0,0.6843137746127976,0.31568622538720237
631,3932-CMDTD,0,0.8742109014607506,0.12578909853924936
632,7622-FWGEW,0,0.9747514759661121,0.025248524033887873
633,7753-USQYQ,0,0.9438751653736441,0.05612483462635589
634,4939-KYYPY,0,0.749848368829711,0.25015163117028905
635,7740-BTPUX,0,0.9410171307103394,0.05898286928966052
636,1661-CZBAU,0,0.9438751653736441,0.05612483462635589
637,6557-BZXLQ,1,0.47251952937706143,0.5274804706229386
638,6408-WHTEF,0,0.9747514759661121,0.025248524033887873
639,4628-CTTLA,0,0.6843137746127976,0.31568622538720237
640,6586-PSJOX,0,0.9438751653736441,0.05612483462635589
641,0942-KOWSM,0,0.9747514759661121,0.025248524033887873
642,0224-HJAPT,0,0.6843137746127976,0.31568622538720237
643,6705-LXORM,1,0.47251952937706143,0.5274804706229386
644,8606-CIQUL,0,0.9410171307103394,0.05898286928966052
645,7028-DVOIQ,1,0.47251952937706143,0.5274804706229386
646,5269-NRGDP,0,0.9438751653736441,0.05612483462635589
647,2257-BOVXD,0,0.749848368829711,0.25015163117028905
648,6818-DJXAA,0,0.5533222645558862,0.4466777354441138
649,1930-WNXSB,1,0.47251952937706143,0.5274804706229386
650,5035-BVCXS,1,0.47251952937706143,0.5274804706229386
651,0835-JKADZ,0,0.9410171307103394,0.05898286928966052
652,1093-YSWCA,0,0.9654197033694775,0.03458029663052255
653,7228-PAQPD,0,0.9438751653736441,0.05612483462635589
654,1934-SJVJK,0,0.6843137746127976,0.31568622538720237
655,6061-GWWAV,0,0.924021121986497,0.07597887801350305
656,6582-PLFUU,0,0.9654197033694775,0.03458029663052255
657,7929-SKFGK,0,0.9410171307103394,0.05898286928966052
658,5334-AFQJB,0,0.9654197033694775,0.03458029663052255
659,5982-PSMKW,0,0.9747514759661121,0.025248524033887873
660,5433-KYGHE,0,0.5533222645558862,0.4466777354441138
661,3458-IDMFK,0,0.9654197033694775,0.03458029663052255
662,7551-DACSP,0,0.6843137746127976,0.31568622538720237
663,9909-DFRJA,0,0.8742109014607506,0.12578909853924936
664,6719-OXYBR,1,0.47251952937706143,0.5274804706229386
665,5522-NYKPB,0,0.5533222645558862,0.4466777354441138
666,0634-SZPQA,1,0.47251952937706143,0.5274804706229386
667,7480-SPLEF,0,0.9654197033694775,0.03458029663052255
668,3696-DFHHB,0,0.9654197033694775,0.03458029663052255
669,8084-OIVBS,0,0.924021121986497,0.07597887801350305
670,7964-ZRKKG,0,0.834046150321617,0.16595384967838295
671,0595-ITUDF,1,0.47251952937706143,0.5274804706229386
672,4422-QVIJA,0,0.6843137746127976,0.31568622538720237
673,4719-UMSIY,0,0.6843137746127976,0.31568622538720237
674,7434-SHXLS,0,0.6843137746127976,0.31568622538720237
675,8174-TBVCF,0,0.9747514759661121,0.025248524033887873
676,5619-PTMIK,0,0.6843137746127976,0.31568622538720237
677,2732-ISEZX,0,0.6843137746127976,0.31568622538720237
678,2984-TBYKU,0,0.9410171307103394,0.05898286928966052
679,8260-NGFNY,0,0.6843137746127976,0.31568622538720237
680,8468-FZTOE,0,0.9747514759661121,0.025248524033887873
681,6339-YPSAH,1,0.47251952937706143,0.5274804706229386
682,8388-DMKAE,0,0.9654197033694775,0.03458029663052255
683,5575-TPIZQ,1,0.47251952937706143,0.5274804706229386
684,9242-TKFSV,0,0.9747514759661121,0.025248524033887873
685,6072-NUQCB,0,0.924021121986497,0.07597887801350305
686,8887-IPQNC,0,0.6843137746127976,0.31568622538720237
687,9507-EXLTT,1,0.47251952937706143,0.5274804706229386
688,5840-NVDCG,0,0.9747514759661121,0.025248524033887873
689,6683-VLCTZ,1,0.47251952937706143,0.5274804706229386
690,8879-ZKJOF,0,0.9438751653736441,0.05612483462635589
691,2739-CACDQ,1,0.47251952937706143,0.5274804706229386
692,0219-YTZUE,1,0.47251952937706143,0.5274804706229386
693,6323-AYBRX,0,0.9654197033694775,0.03458029663052255
694,6133-OZILE,0,0.749848368829711,0.25015163117028905
695,1406-PUQVY,0,0.6843137746127976,0.31568622538720237
696,5387-ASZNZ,0,0.9438751653736441,0.05612483462635589
697,9467-ROOLM,0,0.6843137746127976,0.31568622538720237
698,3926-YZVVX,0,0.9438751653736441,0.05612483462635589
699,6439-PKTRR,0,0.9747514759661121,0.025248524033887873
700,0218-QNVAS,0,0.834046150321617,0.16595384967838295
701,3452-SRFEG,1,0.47251952937706143,0.5274804706229386
702,6898-RBTLU,0,0.9747514759661121,0.025248524033887873
703,0980-PVMRC,0,0.6843137746127976,0.31568622538720237
